{"cameraMode":{"drawMode":0,"name":"Shaded","section":"Shading Mode"},"sceneLighting":false,"audioPlay":false,"sceneViewState":{"showFog":false,"showMaterialUpdate":false,"showSkybox":false,"showFlares":false,"showImageEffects":false,"showParticleSystems":false},"in2DMode":false,"pivot":{"x":41.167930603027347,"y":6.572414398193359,"z":-62.08403778076172},"rotation":{"x":0.06195875629782677,"y":0.007087850011885166,"z":-0.0004401173209771514,"w":0.9980534911155701},"size":9.484745025634766,"orthographic":true}