{"cameraMode":{"drawMode":0,"name":"Shaded","section":"Shading Mode"},"sceneLighting":false,"audioPlay":false,"sceneViewState":{"showFog":true,"showMaterialUpdate":false,"showSkybox":true,"showFlares":true,"showImageEffects":true,"showParticleSystems":true},"in2DMode":false,"pivot":{"x":-0.14369630813598634,"y":1.0822556018829346,"z":-0.30473971366882326},"rotation":{"x":0.03323674947023392,"y":0.9630849361419678,"z":-0.14112628996372224,"w":0.22681733965873719},"size":2.8578836917877199,"orthographic":false}