{"cameraMode":{"drawMode":0,"name":"Shaded","section":"Shading Mode"},"sceneLighting":true,"audioPlay":false,"sceneViewState":{"showFog":false,"showMaterialUpdate":false,"showSkybox":false,"showFlares":false,"showImageEffects":false,"showParticleSystems":false},"in2DMode":false,"pivot":{"x":-35.841278076171878,"y":24.838054656982423,"z":-69.22542572021485},"rotation":{"x":0.25467798113822939,"y":-0.1182018592953682,"z":0.03138327598571777,"w":0.9592614769935608},"size":21.089757919311525,"orthographic":false}